hauteur,azimut
174.64615493009703,-64.71051191071925
1,2
